gene	impact	Sex	mut_status_str	count	total	percentage
ARID1A	missense	F	MUT	46	700	6.571428571428571
ARID1A	missense	F	WT	654	700	93.42857142857143
ARID1A	missense	M	MUT	162	2265	7.152317880794702
ARID1A	missense	M	WT	2103	2265	92.8476821192053
ARID1A	truncating	F	MUT	123	700	17.57142857142857
ARID1A	truncating	F	WT	577	700	82.42857142857143
ARID1A	truncating	M	MUT	423	2265	18.67549668874172
ARID1A	truncating	M	WT	1842	2265	81.32450331125828
CDKN1A	missense	F	MUT	7	700	1.0
CDKN1A	missense	F	WT	693	700	99.0
CDKN1A	missense	M	MUT	35	2265	1.545253863134658
CDKN1A	missense	M	WT	2230	2265	98.45474613686534
CDKN1A	truncating	F	MUT	40	700	5.714285714285714
CDKN1A	truncating	F	WT	660	700	94.28571428571428
CDKN1A	truncating	M	MUT	237	2265	10.463576158940398
CDKN1A	truncating	M	WT	2028	2265	89.5364238410596
CREBBP	missense	F	MUT	46	700	6.571428571428571
CREBBP	missense	F	WT	654	700	93.42857142857143
CREBBP	missense	M	MUT	116	2265	5.121412803532009
CREBBP	missense	M	WT	2149	2265	94.87858719646799
CREBBP	truncating	F	MUT	44	700	6.2857142857142865
CREBBP	truncating	F	WT	656	700	93.71428571428572
CREBBP	truncating	M	MUT	158	2265	6.975717439293598
CREBBP	truncating	M	WT	2107	2265	93.02428256070641
EP300	missense	F	MUT	48	700	6.857142857142858
EP300	missense	F	WT	652	700	93.14285714285714
EP300	missense	M	MUT	168	2265	7.417218543046358
EP300	missense	M	WT	2097	2265	92.58278145695364
EP300	truncating	F	MUT	34	700	4.857142857142857
EP300	truncating	F	WT	666	700	95.14285714285714
EP300	truncating	M	MUT	118	2265	5.209713024282561
EP300	truncating	M	WT	2147	2265	94.79028697571744
FGFR3	missense	F	MUT	153	700	21.857142857142858
FGFR3	missense	F	WT	547	700	78.14285714285715
FGFR3	missense	M	MUT	402	2265	17.748344370860927
FGFR3	missense	M	WT	1863	2265	82.25165562913908
FGFR3	truncating	F	MUT	3	700	0.4285714285714286
FGFR3	truncating	F	WT	697	700	99.57142857142857
FGFR3	truncating	M	MUT	11	2265	0.4856512141280353
FGFR3	truncating	M	WT	2254	2265	99.51434878587196
KDM6A	missense	F	MUT	51	700	7.285714285714286
KDM6A	missense	F	WT	649	700	92.71428571428572
KDM6A	missense	M	MUT	126	2265	5.562913907284768
KDM6A	missense	M	WT	2139	2265	94.43708609271523
KDM6A	truncating	F	MUT	161	700	23.0
KDM6A	truncating	F	WT	539	700	77.0
KDM6A	truncating	M	MUT	465	2265	20.52980132450331
KDM6A	truncating	M	WT	1800	2265	79.47019867549669
KMT2C	missense	F	MUT	42	700	6.0
KMT2C	missense	F	WT	658	700	94.0
KMT2C	missense	M	MUT	133	2265	5.8719646799117
KMT2C	missense	M	WT	2132	2265	94.1280353200883
KMT2C	truncating	F	MUT	38	700	5.428571428571429
KMT2C	truncating	F	WT	662	700	94.57142857142857
KMT2C	truncating	M	MUT	90	2265	3.9735099337748347
KMT2C	truncating	M	WT	2175	2265	96.02649006622516
KMT2D	missense	F	MUT	84	700	12.0
KMT2D	missense	F	WT	616	700	88.0
KMT2D	missense	M	MUT	276	2265	12.185430463576159
KMT2D	missense	M	WT	1989	2265	87.81456953642383
KMT2D	truncating	F	MUT	126	700	18.0
KMT2D	truncating	F	WT	574	700	82.0
KMT2D	truncating	M	MUT	360	2265	15.894039735099339
KMT2D	truncating	M	WT	1905	2265	84.10596026490066
NOTCH2	missense	F	MUT	28	700	4.0
NOTCH2	missense	F	WT	672	700	96.0
NOTCH2	missense	M	MUT	80	2265	3.532008830022075
NOTCH2	missense	M	WT	2185	2265	96.46799116997794
NOTCH2	truncating	F	MUT	4	700	0.5714285714285714
NOTCH2	truncating	F	WT	696	700	99.42857142857143
NOTCH2	truncating	M	MUT	17	2265	0.7505518763796909
NOTCH2	truncating	M	WT	2248	2265	99.24944812362031
PIK3CA	missense	F	MUT	128	700	18.285714285714285
PIK3CA	missense	F	WT	572	700	81.71428571428572
PIK3CA	missense	M	MUT	400	2265	17.660044150110377
PIK3CA	missense	M	WT	1865	2265	82.33995584988962
PIK3CA	truncating	F	MUT	1	700	0.14285714285714285
PIK3CA	truncating	F	WT	699	700	99.85714285714286
PIK3CA	truncating	M	MUT	2	2265	0.08830022075055188
PIK3CA	truncating	M	WT	2263	2265	99.91169977924945
RB1	missense	F	MUT	20	700	2.857142857142857
RB1	missense	F	WT	680	700	97.14285714285714
RB1	missense	M	MUT	70	2265	3.090507726269316
RB1	missense	M	WT	2195	2265	96.90949227373068
RB1	truncating	F	MUT	92	700	13.142857142857142
RB1	truncating	F	WT	608	700	86.85714285714286
RB1	truncating	M	MUT	334	2265	14.746136865342162
RB1	truncating	M	WT	1931	2265	85.25386313465783
RBM10	missense	F	MUT	21	700	3.0
RBM10	missense	F	WT	679	700	97.0
RBM10	missense	M	MUT	59	2265	2.6048565121412803
RBM10	missense	M	WT	2206	2265	97.39514348785872
RBM10	truncating	F	MUT	15	700	2.142857142857143
RBM10	truncating	F	WT	685	700	97.85714285714285
RBM10	truncating	M	MUT	119	2265	5.253863134657837
RBM10	truncating	M	WT	2146	2265	94.74613686534217
STAG2	missense	F	MUT	20	700	2.857142857142857
STAG2	missense	F	WT	680	700	97.14285714285714
STAG2	missense	M	MUT	50	2265	2.207505518763797
STAG2	missense	M	WT	2215	2265	97.7924944812362
STAG2	truncating	F	MUT	64	700	9.142857142857142
STAG2	truncating	F	WT	636	700	90.85714285714286
STAG2	truncating	M	MUT	190	2265	8.388520971302428
STAG2	truncating	M	WT	2075	2265	91.61147902869757
TP53	missense	F	MUT	212	700	30.28571428571429
TP53	missense	F	WT	488	700	69.71428571428572
TP53	missense	M	MUT	766	2265	33.81898454746137
TP53	missense	M	WT	1499	2265	66.18101545253863
TP53	truncating	F	MUT	96	700	13.714285714285715
TP53	truncating	F	WT	604	700	86.28571428571429
TP53	truncating	M	MUT	318	2265	14.039735099337749
TP53	truncating	M	WT	1947	2265	85.96026490066225
